delta,c,radius,steps,edges,mean_degree,deg_max,deg_min,deg_range,deg_median,labels,is_empty,is_complete,is_regular,is_nearly_regular,is_star,is_weakly_star_like,is_star_like
0.35,0.1,3,200,45,9.0,9,9,0,9.0,complete|regular|nearly_regular,False,True,True,True,False,False,False
0.35,0.1,5,200,45,9.0,9,9,0,9.0,complete|regular|nearly_regular,False,True,True,True,False,False,False
0.35,0.1,8,200,45,9.0,9,9,0,9.0,complete|regular|nearly_regular,False,True,True,True,False,False,False
0.35,0.1,10,200,45,9.0,9,9,0,9.0,complete|regular|nearly_regular,False,True,True,True,False,False,False
0.35,0.2,3,200,45,9.0,9,9,0,9.0,complete|regular|nearly_regular,False,True,True,True,False,False,False
0.35,0.2,5,200,45,9.0,9,9,0,9.0,complete|regular|nearly_regular,False,True,True,True,False,False,False
0.35,0.2,8,200,45,9.0,9,9,0,9.0,complete|regular|nearly_regular,False,True,True,True,False,False,False
0.35,0.2,10,200,45,9.0,9,9,0,9.0,complete|regular|nearly_regular,False,True,True,True,False,False,False
0.35,0.3,3,200,17,3.4,5,2,3,3.0,weakly_star_like,False,False,False,False,False,True,False
0.35,0.3,5,200,18,3.6,5,3,2,3.0,nearly_regular|weakly_star_like,False,False,False,True,False,True,False
0.35,0.3,8,200,19,3.8,5,3,2,3.5,nearly_regular,False,False,False,True,False,False,False
0.35,0.3,10,200,18,3.6,5,3,2,3.0,nearly_regular|weakly_star_like,False,False,False,True,False,True,False
0.35,0.4,3,0,0,0.0,0,0,0,0.0,empty,True,,,,,,
0.35,0.4,5,0,0,0.0,0,0,0,0.0,empty,True,,,,,,
0.35,0.4,8,0,0,0.0,0,0,0,0.0,empty,True,,,,,,
0.35,0.4,10,0,0,0.0,0,0,0,0.0,empty,True,,,,,,
0.35,0.5,3,0,0,0.0,0,0,0,0.0,empty,True,,,,,,
0.35,0.5,5,0,0,0.0,0,0,0,0.0,empty,True,,,,,,
0.35,0.5,8,0,0,0.0,0,0,0,0.0,empty,True,,,,,,
0.35,0.5,10,0,0,0.0,0,0,0,0.0,empty,True,,,,,,
0.35,0.6,3,0,0,0.0,0,0,0,0.0,empty,True,,,,,,
0.35,0.6,5,0,0,0.0,0,0,0,0.0,empty,True,,,,,,
0.35,0.6,8,0,0,0.0,0,0,0,0.0,empty,True,,,,,,
0.35,0.6,10,0,0,0.0,0,0,0,0.0,empty,True,,,,,,
0.35,0.7,3,0,0,0.0,0,0,0,0.0,empty,True,,,,,,
0.35,0.7,5,0,0,0.0,0,0,0,0.0,empty,True,,,,,,
0.35,0.7,8,0,0,0.0,0,0,0,0.0,empty,True,,,,,,
0.35,0.7,10,0,0,0.0,0,0,0,0.0,empty,True,,,,,,
0.35,0.8,3,0,0,0.0,0,0,0,0.0,empty,True,,,,,,
0.35,0.8,5,0,0,0.0,0,0,0,0.0,empty,True,,,,,,
0.35,0.8,8,0,0,0.0,0,0,0,0.0,empty,True,,,,,,
0.35,0.8,10,0,0,0.0,0,0,0,0.0,empty,True,,,,,,
0.35,0.9,3,0,0,0.0,0,0,0,0.0,empty,True,,,,,,
0.35,0.9,5,0,0,0.0,0,0,0,0.0,empty,True,,,,,,
0.35,0.9,8,0,0,0.0,0,0,0,0.0,empty,True,,,,,,
0.35,0.9,10,0,0,0.0,0,0,0,0.0,empty,True,,,,,,
0.35,1.0,3,0,0,0.0,0,0,0,0.0,empty,True,,,,,,
0.35,1.0,5,0,0,0.0,0,0,0,0.0,empty,True,,,,,,
0.35,1.0,8,0,0,0.0,0,0,0,0.0,empty,True,,,,,,
0.35,1.0,10,0,0,0.0,0,0,0,0.0,empty,True,,,,,,
0.65,0.1,3,200,45,9.0,9,9,0,9.0,complete|regular|nearly_regular,False,True,True,True,False,False,False
0.65,0.1,5,200,45,9.0,9,9,0,9.0,complete|regular|nearly_regular,False,True,True,True,False,False,False
0.65,0.1,8,200,45,9.0,9,9,0,9.0,complete|regular|nearly_regular,False,True,True,True,False,False,False
0.65,0.1,10,200,45,9.0,9,9,0,9.0,complete|regular|nearly_regular,False,True,True,True,False,False,False
0.65,0.2,3,200,45,9.0,9,9,0,9.0,complete|regular|nearly_regular,False,True,True,True,False,False,False
0.65,0.2,5,200,45,9.0,9,9,0,9.0,complete|regular|nearly_regular,False,True,True,True,False,False,False
0.65,0.2,8,200,45,9.0,9,9,0,9.0,complete|regular|nearly_regular,False,True,True,True,False,False,False
0.65,0.2,10,200,45,9.0,9,9,0,9.0,complete|regular|nearly_regular,False,True,True,True,False,False,False
0.65,0.3,3,200,19,3.8,4,3,1,4.0,nearly_regular,False,False,False,True,False,False,False
0.65,0.3,5,200,20,4.0,5,3,2,4.0,nearly_regular,False,False,False,True,False,False,False
0.65,0.3,8,200,20,4.0,5,3,2,4.0,nearly_regular,False,False,False,True,False,False,False
0.65,0.3,10,200,18,3.6,5,3,2,3.0,nearly_regular|weakly_star_like,False,False,False,True,False,True,False
0.65,0.4,3,200,13,2.6,4,1,3,3.0,other,False,False,False,False,False,False,False
0.65,0.4,5,200,13,2.6,4,1,3,3.0,other,False,False,False,False,False,False,False
0.65,0.4,8,200,13,2.6,4,1,3,3.0,other,False,False,False,False,False,False,False
0.65,0.4,10,200,13,2.6,4,1,3,3.0,other,False,False,False,False,False,False,False
0.65,0.5,3,200,14,2.8,4,2,2,3.0,nearly_regular,False,False,False,True,False,False,False
0.65,0.5,5,200,15,3.0,4,2,2,3.0,nearly_regular,False,False,False,True,False,False,False
0.65,0.5,8,200,12,2.4,4,1,3,2.0,weakly_star_like,False,False,False,False,False,True,False
0.65,0.5,10,200,13,2.6,4,1,3,3.0,other,False,False,False,False,False,False,False
0.65,0.6,3,200,13,2.6,4,2,2,2.5,nearly_regular|weakly_star_like,False,False,False,True,False,True,False
0.65,0.6,5,200,12,2.4,4,1,3,2.0,weakly_star_like,False,False,False,False,False,True,False
0.65,0.6,8,200,11,2.2,5,1,4,2.0,weakly_star_like,False,False,False,False,False,True,False
0.65,0.6,10,200,13,2.6,4,1,3,3.0,other,False,False,False,False,False,False,False
0.65,0.7,3,0,0,0.0,0,0,0,0.0,empty,True,,,,,,
0.65,0.7,5,0,0,0.0,0,0,0,0.0,empty,True,,,,,,
0.65,0.7,8,0,0,0.0,0,0,0,0.0,empty,True,,,,,,
0.65,0.7,10,0,0,0.0,0,0,0,0.0,empty,True,,,,,,
0.65,0.8,3,0,0,0.0,0,0,0,0.0,empty,True,,,,,,
0.65,0.8,5,0,0,0.0,0,0,0,0.0,empty,True,,,,,,
0.65,0.8,8,0,0,0.0,0,0,0,0.0,empty,True,,,,,,
0.65,0.8,10,0,0,0.0,0,0,0,0.0,empty,True,,,,,,
0.65,0.9,3,0,0,0.0,0,0,0,0.0,empty,True,,,,,,
0.65,0.9,5,0,0,0.0,0,0,0,0.0,empty,True,,,,,,
0.65,0.9,8,0,0,0.0,0,0,0,0.0,empty,True,,,,,,
0.65,0.9,10,0,0,0.0,0,0,0,0.0,empty,True,,,,,,
0.65,1.0,3,0,0,0.0,0,0,0,0.0,empty,True,,,,,,
0.65,1.0,5,0,0,0.0,0,0,0,0.0,empty,True,,,,,,
0.65,1.0,8,0,0,0.0,0,0,0,0.0,empty,True,,,,,,
0.65,1.0,10,0,0,0.0,0,0,0,0.0,empty,True,,,,,,
0.95,0.1,3,200,13,2.6,4,1,3,3.0,other,False,False,False,False,False,False,False
0.95,0.1,5,200,12,2.4,5,1,4,2.0,weakly_star_like,False,False,False,False,False,True,False
0.95,0.1,8,200,12,2.4,4,1,3,2.0,weakly_star_like,False,False,False,False,False,True,False
0.95,0.1,10,200,13,2.6,4,1,3,3.0,other,False,False,False,False,False,False,False
0.95,0.2,3,200,10,2.0,5,1,4,1.5,star_like,False,False,False,False,False,True,True
0.95,0.2,5,200,10,2.0,4,1,3,1.5,weakly_star_like,False,False,False,False,False,True,False
0.95,0.2,8,200,11,2.2,3,1,2,2.0,nearly_regular|weakly_star_like,False,False,False,True,False,True,False
0.95,0.2,10,200,11,2.2,3,1,2,2.0,nearly_regular|weakly_star_like,False,False,False,True,False,True,False
0.95,0.3,3,200,12,2.4,4,1,3,2.0,weakly_star_like,False,False,False,False,False,True,False
0.95,0.3,5,200,10,2.0,3,1,2,2.0,nearly_regular|weakly_star_like,False,False,False,True,False,True,False
0.95,0.3,8,200,10,2.0,3,1,2,2.0,nearly_regular|weakly_star_like,False,False,False,True,False,True,False
0.95,0.3,10,200,9,1.8,4,1,3,1.0,star_like,False,False,False,False,False,True,True
0.95,0.4,3,200,10,2.0,7,1,6,1.5,star_like,False,False,False,False,False,True,True
0.95,0.4,5,200,9,1.8,5,1,4,1.0,star_like,False,False,False,False,False,True,True
0.95,0.4,8,200,9,1.8,5,1,4,1.0,star_like,False,False,False,False,False,True,True
0.95,0.4,10,200,9,1.8,3,1,2,2.0,nearly_regular|weakly_star_like,False,False,False,True,False,True,False
0.95,0.5,3,200,13,2.6,4,2,2,2.5,nearly_regular|weakly_star_like,False,False,False,True,False,True,False
0.95,0.5,5,200,10,2.0,3,1,2,2.0,nearly_regular|weakly_star_like,False,False,False,True,False,True,False
0.95,0.5,8,200,9,1.8,3,1,2,1.5,nearly_regular|weakly_star_like,False,False,False,True,False,True,False
0.95,0.5,10,200,10,2.0,3,1,2,2.0,nearly_regular|weakly_star_like,False,False,False,True,False,True,False
0.95,0.6,3,200,13,2.6,3,2,1,3.0,nearly_regular,False,False,False,True,False,False,False
0.95,0.6,5,200,9,1.8,4,1,3,1.0,star_like,False,False,False,False,False,True,True
0.95,0.6,8,200,9,1.8,3,1,2,1.5,nearly_regular|weakly_star_like,False,False,False,True,False,True,False
0.95,0.6,10,200,9,1.8,5,1,4,1.5,star_like,False,False,False,False,False,True,True
0.95,0.7,3,200,13,2.6,4,2,2,2.5,nearly_regular|weakly_star_like,False,False,False,True,False,True,False
0.95,0.7,5,200,9,1.8,4,1,3,1.5,weakly_star_like,False,False,False,False,False,True,False
0.95,0.7,8,200,9,1.8,5,1,4,1.0,star_like,False,False,False,False,False,True,True
0.95,0.7,10,200,9,1.8,5,1,4,1.5,star_like,False,False,False,False,False,True,True
0.95,0.8,3,200,13,2.6,3,2,1,3.0,nearly_regular,False,False,False,True,False,False,False
0.95,0.8,5,200,10,2.0,3,1,2,2.0,nearly_regular|weakly_star_like,False,False,False,True,False,True,False
0.95,0.8,8,200,9,1.8,4,1,3,1.0,star_like,False,False,False,False,False,True,True
0.95,0.8,10,200,9,1.8,4,1,3,1.0,star_like,False,False,False,False,False,True,True
0.95,0.9,3,200,11,2.2,5,1,4,2.0,weakly_star_like,False,False,False,False,False,True,False
0.95,0.9,5,200,11,2.2,3,2,1,2.0,nearly_regular|weakly_star_like,False,False,False,True,False,True,False
0.95,0.9,8,200,9,1.8,3,1,2,2.0,nearly_regular|weakly_star_like,False,False,False,True,False,True,False
0.95,0.9,10,200,9,1.8,4,1,3,2.0,weakly_star_like,False,False,False,False,False,True,False
0.95,1.0,3,0,0,0.0,0,0,0,0.0,empty,True,,,,,,
0.95,1.0,5,0,0,0.0,0,0,0,0.0,empty,True,,,,,,
0.95,1.0,8,0,0,0.0,0,0,0,0.0,empty,True,,,,,,
0.95,1.0,10,0,0,0.0,0,0,0,0.0,empty,True,,,,,,
